,0,1
0,0.0,0.0
1,-0.9955763153560582,0.0939563744620592
2,-0.995576315356058,0.09395637446206133
3,0.4086834569489086,0.9126761923137304
4,0.40868345694890457,0.9126761923137323
5,0.991472766329104,0.13031405767496482
6,0.9914727663291054,0.1303140576749535
7,0.9999809403083683,0.006174060251705609
8,0.9999809403083683,0.0061740602516959
9,-0.9889189945335075,0.14845612904436245
10,-0.9889189945335068,0.14845612904436736
11,0.14223548264298722,0.9898328482513178
12,0.35345750943834836,0.9354505807479302
13,0.0841364586685014,0.9964542419613275
14,0.4879053780801405,0.8728965242458439
15,-0.9975699385132517,0.06967221666250614
16,-0.9975699385132516,0.0696722166625097
17,0.3845817785614641,0.9230909248814557
18,0.12207438466251064,0.9925209542419089
19,0.12207438466251141,0.9925209542419088
20,0.12207438466250449,0.9925209542419096
21,-0.004413058595020971,0.9999902624095081
22,-0.004413058595028413,0.9999902624095082
23,-0.08873096572812333,0.9960556288285081
24,-0.08873096572812532,0.9960556288285078
25,0.1046736329065833,0.9945066267120285
26,0.10467363290655711,0.9945066267120312
27,0.11323539650285673,0.9935681883891214
28,0.1132353965028576,0.9935681883891214
29,0.11323539650285556,0.9935681883891216
30,-0.994269630567422,0.10690136449700802
31,-0.9942696305674232,0.10690136449699636
32,-0.994269630567423,0.10690136449699816
33,-0.994269630567423,0.10690136449699765
34,-0.998582022237307,0.05323480876692065
35,0.09906554539754973,0.995080910134993
36,0.0990655453975513,0.9950809101349929
37,0.0990655453975485,0.995080910134993
38,-0.9953433222485877,0.09639331333211855
39,-0.9953433222485881,0.0963933133321151
40,-0.9953433222485881,0.0963933133321151
41,-0.9953433222485885,0.09639331333211147
42,-0.9944994777250368,0.1047415333314779
43,-0.9944994777250373,0.10474153333147265
44,-0.9925485180482776,0.12185006901995643
45,0.06021505812854855,0.9981854270497919
46,0.06021505812855098,0.9981854270497917
47,-0.994761582813801,0.1022222742741593
48,-0.9947615828138003,0.10222227427416564
49,-0.9941954034626153,0.10758949639164368
50,-0.9941954034626155,0.10758949639164248
51,-0.9941954034626151,0.10758949639164592
52,0.13181905735342722,0.99127379473002
53,0.13181905735342764,0.99127379473002
54,0.7426929880645843,0.6696320821762494
55,-0.9561786455542317,0.29278387555682617
56,-0.9938416038457881,0.1108100467702789
57,-0.9938416038457863,0.11081004677029574
58,-0.9938416038457875,0.11081004677028673
59,-0.9938416038457876,0.11081004677028389
60,0.11343697013643993,0.9935451946470599
61,0.11343697013644186,0.9935451946470598
62,0.11343697013644012,0.99354519464706
63,0.11343697013645652,0.9935451946470581
64,0.11343697013643306,0.9935451946470608
65,-0.9958124538544048,0.09141967374952123
66,-0.9958124538544053,0.0914196737495165
67,0.1491870646848662,0.988808990518752
68,0.14918706468486603,0.988808990518752
69,0.14918706468484946,0.9888089905187546
70,-0.9959468215370991,0.08994403076441117
71,0.11569864975489492,0.9932843613210137
72,-0.9927835940558289,0.1199197038588357
73,-0.9320906047903871,0.3622252123492931
74,-0.9937317226235762,0.1117911599885235
75,-0.9937317226235771,0.11179115998851623
76,-0.9956069340879793,0.09363136651749841
77,-0.9942423901286673,0.10715441974662059
78,-0.9942423901286668,0.10715441974662548
79,-0.5054790126719941,0.8628389002288585
80,0.2552404485310329,0.9668776103694185
81,0.2552404485310342,0.9668776103694182
82,0.25524044853103633,0.9668776103694178
83,-0.9933781620774267,0.11489050051102544
84,-0.9933781620774262,0.1148905005110285
85,-0.9931925548309043,0.1164841149189941
86,-0.9942352509372433,0.1072206407076405
87,-0.978780071809352,0.20491356965530538
88,-0.9787800718093519,0.20491356965530547
89,0.13859516687231463,0.9903491201185749
90,0.13859516687231266,0.990349120118575
91,-0.9932577223342066,0.11592711944779895
92,-0.9932577223342058,0.11592711944780532
93,0.16215978391970892,0.9867645131839274
94,-0.9804655043256749,0.19669111527316116
95,-0.980465504325676,0.1966911152731557
96,-0.9804655043256756,0.19669111527315758
97,0.11149299714153546,0.9937652195505725
98,-0.3151350170318254,0.9490468487068229
99,0.10185028818605339,0.9947997380359617
100,0.10185028818605073,0.9947997380359619
101,-0.08352671841065855,0.9965055380235207
102,0.20005892910697645,0.9797838664136952
103,0.76578342479686,0.6430985510062918
104,0.7657834247968579,0.643098551006294
105,-0.9938150450333356,0.11104799082103724
106,-0.993815045033335,0.11104799082104223
107,-0.9938150450333353,0.11104799082103968
108,-0.9816426275310782,0.19072952528090853
109,0.5594895831120527,0.8288373823550077
110,0.019424784226627207,0.9998113210790068
111,-0.8941103781734244,0.447846660859022
112,0.13013238589105258,0.9914966273983499
113,-0.9381019634307305,0.34635921556587534
114,-0.9923239336594007,0.12366572155101493
115,-0.9923239336594012,0.12366572155101199
116,0.10805477589247804,0.9941449418504459
117,0.10805477589248158,0.9941449418504454
118,0.1114300811921671,0.9937722762310827
119,0.1114300811921721,0.993772276231082
120,0.1114300811921684,0.9937722762310824
121,0.11143008119217718,0.9937722762310814
122,-0.9952652735634874,0.09719586019268797
123,-0.9979158464156358,0.06452878018810994
124,0.10976322140330609,0.9939577633014236
125,-0.1161014685357772,0.9932373578374083
126,0.15558043208312458,0.9878232276844012
127,0.15558043208313796,0.987823227684399
128,0.13230012090275406,0.9912097043558022
129,-0.9990136417548617,0.04440431947106937
130,-0.9990136417548614,0.04440431947107855
131,0.09774169246275817,0.9952118174311012
132,0.09774169246275673,0.9952118174311013
133,0.09774169246275483,0.9952118174311015
134,0.10129779027207457,0.9948561492426906
135,0.10129779027207847,0.9948561492426902
136,0.1012977902720729,0.994856149242691
137,-0.9931499097198795,0.1168471515416408
138,-0.9931499097198796,0.11684715154164073
139,-0.9919162295325941,0.1268944190649928
140,-0.9919162295325932,0.1268944190650014
141,0.16176928663622217,0.9868286061425295
142,0.13414366689832774,0.9909618946412977
143,0.12624123211074365,0.9919995722353722
144,-0.9816225456192771,0.19083285338727796
145,-0.9816225456192739,0.19083285338729447
146,0.33552206502134774,0.9420323475782615
147,0.33552206502134757,0.9420323475782615
148,-0.988370961313444,0.1520619703684612
149,0.11849514817894041,0.9929546313191006
150,0.11849514817894356,0.9929546313191002
151,0.11849514817894356,0.9929546313191002
152,0.11849514817894335,0.9929546313191001
153,0.16594088113614974,0.9861357026128597
154,0.14187609900504547,0.989884423824878
155,-0.2625476883549183,0.9649190180214547
156,-0.9984215412603019,0.05616427643443359
157,-0.998421541260301,0.056164276434447886
158,-0.9199763951598191,0.3919737648730388
159,-0.9894329852675985,0.14499092269672748
160,-0.9312008116167297,0.36450658216875037
161,0.19340365658365505,0.9811192718625353
162,0.19340365658365657,0.981119271862535
163,0.09248665692602723,0.9957139239212472
164,-0.9557467692648262,0.2941906066478794
165,0.36602277611866346,0.930605892611038
166,0.3660227761186675,0.9306058926110363
167,0.3660227761186596,0.9306058926110394
168,0.10288658154294693,0.9946930940437892
169,0.13562800520796686,0.9907598317469818
170,-0.9923276079573713,0.12363623451723847
171,0.09050014467257138,0.9958964423142819
172,0.08973225805612885,0.9959659240476796
173,0.0897322580561328,0.9959659240476791
174,-0.9978465648601313,0.06559140947437783
175,-0.9978465648601313,0.06559140947438033
176,-0.16994387836812744,0.985453742296004
177,-0.9980775121802354,0.061978058053731765
178,-0.9980775121802364,0.06197805805371678
179,-0.9838678988089664,0.17889649994683918
180,0.1015393309504084,0.9948315255711108
181,0.1125144192566642,0.9936500920642717
182,0.11251441925666125,0.993650092064272
183,0.02437258163124686,0.9997029445113323
184,0.02437258163123691,0.9997029445113328
185,-0.9937039379978763,0.11203786684649508
186,-0.9937039379978768,0.11203786684649009
187,-0.9983190085746552,0.05795823598521355
188,0.1395676820596242,0.9902125338150914
189,0.15054572021033244,0.9886030478034915
190,0.1505457202103273,0.9886030478034922
191,0.3286494129212599,0.9444519910437541
192,-0.9940029641988328,0.1093531305630251
193,-0.9940029641988328,0.10935313056302502
194,-0.20520820459072328,0.9787183418985524
195,0.1873846652800934,0.9822866115436305
196,0.18738466528013575,0.9822866115436225
197,0.18738466528013883,0.982286611543622
198,0.10464094919275332,0.9945100661893974
199,0.10464094919274547,0.9945100661893982
200,-0.9949658496220487,0.1002145602488717
201,0.07060200471256906,0.9975045648670319
202,-0.9940929248472304,0.1085322844534224
203,-0.9940929248472304,0.1085322844534224
204,-0.9940929248472304,0.10853228445342332
205,-0.9940929248472307,0.1085322844534207
206,0.125281480709642,0.9921212378490845
207,0.1252814807096485,0.9921212378490836
208,0.06806051813100868,0.9976811945064108
209,-0.9403448955041503,0.3402226881019088
210,-0.5137191417559266,0.857958415888296
211,0.11667043574684004,0.9931706849392217
212,0.02615088858038814,0.9996580070336335
213,-0.02916995630148055,0.9995744662852136
214,0.31071382527564595,0.950503508032756
215,0.3107138252756442,0.9505035080327565
216,-0.9544448691475031,0.2983873183598888
217,0.05866681211851804,0.9982776192802533
218,0.4734039266733625,0.8808454587555309
219,-0.9938309174367935,0.11090584992118849
220,-0.25015039428121355,0.9682069924561346
221,-0.9971640450463043,0.07525866904810424
222,0.14066626930922196,0.9900570694049033
223,-0.995934097193075,0.09008481585824923
224,0.1421565786173927,0.9898441832711838
225,0.14215657861739772,0.9898441832711832
226,-0.9956759468238544,0.09289461188046008
227,0.034962526388790084,0.99938862398394
228,0.09095753678154936,0.9958547717928721
229,-0.9953940944155231,0.09586760038042341
230,0.13162760569805382,0.9912992350537742
231,0.12523029360223453,0.9921277002303173
232,0.10462482759170413,0.9945117623494486
233,0.10462482759170029,0.994511762349449
234,0.10231648091192526,0.9947518975773808
235,0.03817989061987541,0.999270882169722
236,-0.9944007572454584,0.10567466105769653
237,-0.9944007572454583,0.10567466105769624
238,0.10952762269169851,0.9939837523156527
239,0.10952762269171089,0.9939837523156514
240,-0.996223780603535,0.0868226868969146
241,0.10857162622197637,0.994088628835234
242,0.098728486384179,0.9951144084859234
243,0.0494653522324548,0.998775840180628
244,-0.9113326963794572,0.4116706408158689
245,-0.9119275891107186,0.4103511572040615
246,-0.8952971808506633,0.44546936815100363
247,-0.4487814860384758,0.8936415264462015
248,0.11979503340162928,0.9927986452308959
249,0.11979503340163247,0.9927986452308957
250,0.07263655403210043,0.9973584766864629
251,0.09420344577705082,0.9955529673521797
252,0.1039472575536283,0.9945828108544204
253,-0.9960187930193825,0.08914350201900573
254,0.06944614299729528,0.9975857021944526
255,0.06944614299728136,0.9975857021944536
256,0.14587470138029776,0.9893030736317404
257,0.14587470138030775,0.989303073631739
258,-0.9968073482190315,0.07984428931703526
259,0.07423231444218802,0.9972409756385645
260,0.07423231444217737,0.9972409756385653
261,-0.9956977681403097,0.09266042585918673
262,-0.9907760565945908,0.13550943022119186
263,-0.07955901522319911,0.9968301575979305
264,0.09978606767546899,0.9950089148836139
265,-0.9979901774081166,0.0633688077599375
266,-0.9930837790011041,0.11740786977407569
267,0.08874454972918623,0.9960544186405501
268,0.08874454972918991,0.9960544186405496
269,0.1483080823605332,0.9889412079120483
270,0.08670064200526151,0.9962344095020386
271,0.08670064200523206,0.9962344095020411
272,-0.9956330180682165,0.0933535930340898
273,-0.9956330180682168,0.09335359303408636
274,-0.9956330180682167,0.09335359303408751
275,-0.9953934980445706,0.09587379230318122
276,0.2151532123642043,0.9765803065848521
277,0.11817815111387427,0.992992409134786
278,0.10035322983109429,0.9949518728373085
279,-0.9704688109990143,0.24122662970360398
280,-0.9704688109990164,0.24122662970359554
281,-0.9938087693409349,0.11110414025164193
282,-0.9938087693409362,0.11110414025162986
283,-0.9915116801348134,0.1300176455572077
284,-0.9915116801348138,0.13001764555720358
285,0.08568198112931842,0.9963225371885127
286,0.23846892526590288,0.9711501282924929
287,-0.9886481156573301,0.15024947057214688
288,-0.9918352228119188,0.12752603965320716
289,-0.9918352228119189,0.12752603965320622
290,0.08963124402261488,0.9959750198147334
291,-0.00949084909467301,0.9999549608774697
292,-0.009490849094682065,0.9999549608774696
293,-0.9324361951160935,0.36133466763849575
294,-0.9847260092603842,0.17411113314810733
295,-0.9942790307266227,0.10681389917668702
296,-0.05693150928834885,0.9983780863230876
297,-0.9982337860600985,0.059407982360299004
298,0.36650471012631103,0.930416195825948
299,-0.9923357888993909,0.12357055502595853
300,-0.99233578889939,0.12357055502596605
301,-0.9942174837990942,0.10738526392479492
302,-0.9942174837990948,0.10738526392478916
303,-0.9950269981470712,0.09960558698400566
304,-0.9931529672713819,0.11682116075458775
305,-0.9931529672713818,0.11682116075459012
306,-0.9931095161445123,0.11718996946502111
307,0.09631898316009026,0.995350517899602
308,0.09631898316009424,0.9953505178996018
309,0.02096349817621105,0.9997802417252583
310,0.03544654781059995,0.9993715736643256
311,0.11851835935138971,0.9929518611174737
312,0.11851835935138222,0.9929518611174746
313,0.1185183593513914,0.9929518611174736
314,0.11851835935138387,0.9929518611174745
315,-0.992821129910842,0.11960854485595523
316,0.12511171588175382,0.9921426603816224
317,0.13819851441517655,0.9904045489664506
318,0.11396123005693456,0.9934851976974345
319,0.11396123005693602,0.9934851976974343
320,0.1139612300569292,0.993485197697435
321,0.11585842443054588,0.9932657375991942
322,0.11585842443057578,0.9932657375991908
323,-0.9949071225964791,0.10079591959397369
324,0.05683937608996318,0.9983833358613833
325,-0.3547799224984666,0.9349498417519424
326,-0.994095445702273,0.10850919239400443
327,-0.9940954457022729,0.10850919239400524
328,-0.9957981869752196,0.09157494644751815
329,-0.9863642355109458,0.1645770181553533
330,-0.9910350304564625,0.1336022769572386
331,0.11934317247405227,0.9928530642465824
332,0.09179318328292624,0.9957780935041638
333,-0.9932259456145686,0.1161990574748608
334,0.10228758329785503,0.9947548694543217
335,0.10228758329786804,0.9947548694543201
336,0.12732055203477274,0.9918616219158601
337,-0.9955032599191782,0.09472729010316407
338,0.3806031912697062,0.9247384553457889
339,-0.9952748727059892,0.09709751675546113
340,-0.9952748727059888,0.09709751675546495
341,-0.9944460018022251,0.1052480379844151
342,0.11395158735743843,0.993486303749941
343,0.11395158735744264,0.9934863037499405
344,-0.9792258440765278,0.20277264680575482
345,-0.6055292198042294,0.7958230732790307
346,-0.605529219804229,0.7958230732790308
347,0.9980706696443604,0.0620881502032217
348,-0.9952525114964303,0.09732645251958924
349,0.09719012840818467,0.995265833302842
350,0.08572066458925748,0.9963192097226552
351,0.08572066458925759,0.9963192097226551
352,-0.9971158315323856,0.07589478577266667
353,-0.9922396206181856,0.12434040081759111
354,-0.992239620618185,0.12434040081759427
355,-0.9913515233499537,0.13123321664779186
356,-0.9742434784026663,0.22549865806667982
357,-0.9742434784026662,0.22549865806668026
358,0.1345293003679724,0.9909096161318165
359,0.1345293003679786,0.9909096161318155
360,0.07335488277726367,0.9973059015030112
361,-0.9945712526999748,0.10405778828517673
362,-0.9979995102944472,0.06322165334791201
363,-0.5341510680189484,0.8453890444843823
364,0.14577319881122558,0.989318035066754
365,-0.9949300271935099,0.10056958282065978
366,-0.9949300271935081,0.1005695828206785
367,0.20758012833891742,0.9782180177847873
368,-0.9998177923409425,0.019088795626866866
369,-0.9976256473873167,0.06886993302622813
370,-0.9920314383283139,0.12599057650577217
371,-0.9982534709371287,0.05907628764551122
372,0.12434560668241297,0.9922389682424202
373,0.1243456066824014,0.9922389682424216
374,-0.9939806375710294,0.10955588589340999
375,0.9064047671214758,0.42241022494663105
376,-0.9876377867286126,0.15675331647466842
377,-0.9876377867286121,0.1567533164746707
378,-0.015261934596268052,0.9998835298935469
379,-0.9896341450543942,0.14361148610907942
380,-0.989634145054394,0.14361148610908075
381,-0.989634145054394,0.14361148610908075
382,-0.9896341450543922,0.1436114861090926
383,0.09733975172819823,0.9952512108676345
384,0.10150853313468226,0.9948346685258034
385,0.10150853313468262,0.9948346685258034
386,0.10150853313468107,0.9948346685258035
387,0.173879572298094,0.9847669238644401
388,0.1738795722980928,0.9847669238644402
389,-0.9901093555130026,0.14029776949626332
390,-0.9714764861552316,0.23713590375032625
391,-0.971476486155231,0.2371359037503289
392,-0.9714764861552314,0.23713590375032714
393,0.07475411731644592,0.9972019965604958
394,-0.9955459408710211,0.09427767294133438
395,0.03899443659423806,0.9992394277222542
396,0.9370336568562838,0.34923906699929785
397,-0.9986161661287681,0.05259042447328701
398,-0.9986161661287679,0.05259042447329125
399,0.06504329809498809,0.9978824426619234
400,-0.9935201935601745,0.11365573011579114
401,-0.9288230726840839,0.3705235480366895
402,-0.9939893191818202,0.10947709053706886
403,0.10524483576546971,0.9944463407065759
404,-0.9958038026897716,0.09151385987155435
405,-0.9938078019905229,0.11111279270527602
406,-0.9938078019905228,0.1111127927052771
407,0.9955052185527686,0.09470670427274153
408,-0.9717767624659042,0.2359023610125287
409,-0.013453369504654313,0.9999094993293
410,-0.013453369504650703,0.9999094993293
411,-0.9953834758999053,0.09597778860456567
412,-0.5571444900238326,0.8304155689990907
413,-0.5571444900238327,0.8304155689990906
414,-0.9612645903971284,0.27562726143950445
415,0.995454886361456,0.09523428594314517
416,0.18461404405255968,0.9828110981966776
417,0.18461404405255857,0.9828110981966779
418,-0.9926909199767014,0.12068445382819736
419,-0.9926909199767023,0.12068445382818994
420,0.0659263218521867,0.997824493629537
421,0.06592632185218666,0.9978244936295371
422,0.05902697012075576,0.9982563883083159
423,-0.9948388009919038,0.10146802472203373
424,-0.9930560747848065,0.11764196671678367
425,-0.9930560747848058,0.11764196671678868
426,-0.9930560747848064,0.1176419667167839
427,-0.993056074784806,0.11764196671678775
428,0.945683682246215,0.32508825437600763
429,0.19576106460710513,0.9806516229446076
430,0.19576106460709672,0.9806516229446093
431,0.19576106460709972,0.9806516229446086
432,0.14739407467058063,0.9890778466592017
433,-0.9907716681210135,0.13554151263987108
434,-0.9977468996928908,0.06709041774519334
435,-0.055028252330015154,0.9984847978039045
436,-0.9949187801186489,0.10068078747814659
437,-0.9947333893312501,0.10249626407613006
438,0.17857025769634885,0.9839271634964956
439,-0.9963403956209387,0.08547406655770753
440,0.9725903599490057,0.23252524967036112
441,-0.9893028442855797,0.14587625676737778
442,-0.9906133597260288,0.13669371431162983
443,-0.9906133597260288,0.1366937143116305
444,0.1483076801503643,0.9889412682300285
445,0.06524287595361089,0.9978694138700223
446,0.13283684654488667,0.9911379178499884
447,0.14089962237907017,0.9900238867893216
448,-0.025533032407916594,0.9996739789831764
449,0.028359118784008406,0.9995977993081991
450,0.9770886531794692,0.2128327132466508
451,0.2747468662662607,0.961516593448532
452,-0.9925785205040075,0.12160543011755524
453,-0.9925785205040083,0.12160543011754905
454,-0.9979000674771238,0.06477233459704633
455,-0.9979000674771236,0.06477233459704904
456,-0.9969698417069762,0.07778903988844917
457,-0.9969698417069759,0.0777890398884528
458,-0.9969698417069759,0.0777890398884528
459,-0.9969698417069758,0.07778903988845431
460,-0.9939511583867561,0.10982301553693474
461,-0.9939511583867561,0.1098230155369345
462,-0.9939511583867562,0.1098230155369337
463,-0.10867903108191525,0.9940768925003217
464,-0.9842001981011937,0.17705922754143838
465,-0.9962330864171258,0.08671584358009543
466,-0.9920805968237595,0.12560290365199797
467,-0.9920805968237594,0.125602903651999
468,-0.9881965190534037,0.15319151324644661
469,-0.9881965190534039,0.15319151324644512
470,0.09729742861896401,0.9952553493371123
471,0.09729742861895734,0.995255349337113
472,0.0972974286189589,0.9952553493371128
473,-0.9960969533339742,0.0882658459358693
474,-0.9960969533339741,0.08826584593586946
475,0.10551880490726907,0.9944173076786936
476,0.10551880490726909,0.9944173076786936
477,0.10551880490726921,0.9944173076786936
478,-0.88849819811506,0.45888010628735226
479,-0.8884981981150598,0.4588801062873522
480,0.6220045847569666,0.783013599205859
481,0.9988093169069153,0.048784715433638846
482,-0.992060806858728,0.12575911694509329
483,-0.9920608068587279,0.1257591169450944
484,0.10999751976207622,0.9939318616717102
485,0.10999751976208712,0.993931861671709
486,-0.9593965727267706,0.28206066056812445
487,-0.9593965727267709,0.2820606605681234
488,0.07258798367153922,0.9973620128250826
489,-0.993530134631282,0.11356879668089516
490,-0.9935301346312825,0.1135687966808918
491,-0.9182499429992471,0.3960013158840256
492,0.10287312643544975,0.9946944856876386
493,0.10287312643544953,0.9946944856876386
494,0.10287312643544834,0.9946944856876387
495,-0.9873566485549012,0.15851450581708068
496,-0.9952211578949217,0.09764654053416989
497,-0.9952211578949212,0.09764654053417596
498,-0.9952211578949214,0.0976465405341722
499,-0.9903603558383834,0.1385148569059311
500,-0.9885385221798345,0.1509688383955733
501,-0.9958576905980489,0.09092557438213332
502,0.11294593008029569,0.9936011357070285
503,-0.9978382719132624,0.06571744901587606
504,0.46968379652986647,0.8828347134528018
505,-0.9836429597264245,0.18012919746848344
506,0.11362095998464626,0.9935241705425024
507,0.11362095998464862,0.9935241705425022
508,-0.991091554808967,0.13318231859501523
509,-0.6851732207330141,0.7283801600746332
510,-0.6851732207330151,0.7283801600746321
511,0.12278098961710254,0.9924337905314615
512,0.12278098961711145,0.9924337905314605
513,-0.9930261769995576,0.11789407022256457
514,-0.9930261769995581,0.11789407022256189
515,-0.9922298744442252,0.12441815084784498
516,-0.9922298744442252,0.12441815084784462
517,0.9603735573566919,0.2787160388819646
518,0.9603735573566933,0.27871603888195995
519,0.05889669046941594,0.9982640832223455
520,-0.9878971213134956,0.15511053381543322
521,-0.9878971213134926,0.15511053381545176
522,-0.9878971213134902,0.1551105338154673
523,0.058817760033534554,0.9982687369163865
524,0.05881776003353192,0.9982687369163865
525,0.0731491162875357,0.9973210149126271
526,0.2159161949832824,0.9764118991204179
527,0.05675892907479038,0.998387912572204
528,-0.6258592300656437,0.7799360384939522
529,-0.6258592300656364,0.7799360384939581
530,-0.9953802085706434,0.0960116679672965
531,-0.9950535192515607,0.09934029305918103
532,-0.9950535192515613,0.09934029305917522
533,0.07850130461568126,0.9969140109225249
534,0.07850130461568054,0.996914010922525
535,-0.9938705509346413,0.11055011526395006
536,-0.9938705509346409,0.11055011526395292
537,0.08189414198482796,0.9966410334260619
538,0.08189414198483429,0.9966410334260614
539,0.9326440557095169,0.36079781782835596
540,-0.9160512657467154,0.401061190498209
541,-0.9973086652804226,0.0733172977992365
542,-0.9973086652804226,0.07331729779923543
543,0.056373684863292174,0.9984097393630204
544,0.056373684863287386,0.9984097393630206
545,0.05637368486329023,0.9984097393630204
546,-0.996753914583453,0.08050859433975223
547,-0.9967539145834523,0.08050859433975838
548,-0.9908740369863076,0.13479110811347203
549,-0.9908740369863073,0.13479110811347336
550,0.9997950844180932,0.02024325007052957
551,-0.9963188810190012,0.08572448497976246
552,0.0908652282899048,0.9958631985809213
553,-0.9951200002994502,0.09867210854148395
554,-0.7573716059694392,0.6529841119592977
555,-0.9924289350275203,0.1228202300931813
556,-0.9924289350275198,0.12282023009318431
557,0.1179422427390366,0.9930204566763398
558,-0.9952397597142769,0.09745676315099194
559,-0.9952397597142773,0.09745676315098743
560,-0.9952397597142774,0.09745676315098666
561,-0.995239759714277,0.0974567631509892
562,-0.99200392318809,0.12620703775716172
563,0.08673544225068117,0.9962313802814982
564,0.08673544225068143,0.996231380281498
565,-0.9990434322531778,0.043728943181720305
566,-0.9877659261219438,0.1559438206292857
567,-0.9877659261219434,0.15594382062928794
568,0.1253020195192046,0.9921186440665294
569,0.1253020195192079,0.9921186440665289
570,0.1253020195192118,0.9921186440665286
571,-0.036132393207472094,0.9993470118838104
572,-0.036132393207471705,0.9993470118838105
573,0.8030862450090351,0.5958628055830368
574,0.8030862450090376,0.5958628055830335
575,-0.9903813818070446,0.13836444113271595
576,-0.9903813818070452,0.13836444113271215
577,-0.9903813818070452,0.13836444113271215
578,-0.9903813818070446,0.13836444113271615
579,-0.9935975040472822,0.11297787372318184
580,-0.9935975040472819,0.11297787372318319
581,-0.9935975040472819,0.11297787372318341
582,-0.9980902744861406,0.061772194199174665
583,-0.9980902744861405,0.06177219419917753
584,0.03335771696293629,0.9994434765003075
585,-0.9931224973671962,0.11707990956241608
586,-0.9931224973671959,0.11707990956241823
587,0.9990843652885367,0.04278353697395256
588,0.9990843652885372,0.04278353697394291
589,-0.9936757673875093,0.1122874405570117
590,0.9999787841199885,0.006513931985329617
591,0.9434970933734151,0.33138080028257044
592,0.09303752888126862,0.9956626026017383
593,0.09303752888126086,0.995662602601739
594,-0.12357469966245943,0.9923352727799878
595,-0.1235746996624507,0.9923352727799889
596,0.0803852786687818,0.9967638672089505
597,0.08038527866878459,0.9967638672089503
598,0.101409912330723,0.9948447264176832
599,0.10140991233072356,0.9948447264176832
600,-0.9815725655054235,0.19108976594025492
601,-0.981572565505423,0.19108976594025637
602,-0.9986213752810221,0.052491416744455184
603,0.07073936224450052,0.9974948333847355
604,0.11108044572711721,0.9938114180150401
605,0.954722174361249,0.29749885677583526
606,-0.07253377503378819,0.9973659566474825
607,-0.12623378198801102,0.9920005203048047
608,-0.9889297251334912,0.14838463110240718
609,-0.9992919186190552,0.03762527584812494
610,-0.9992919186190552,0.03762527584812804
611,-0.999291918619055,0.037625275848131794
612,-0.9944532851084997,0.10517919821387214
613,-0.9944532851084997,0.10517919821387166
614,-0.9944532851085,0.10517919821386985
615,-0.9944532851085,0.10517919821386985
616,-0.9944532851085005,0.10517919821386434
617,-0.9934816741643551,0.1139919431345494
618,-0.9934816741643552,0.11399194313454836
619,0.10214018471057953,0.9947700149618948
620,-0.9918151368073883,0.12768216163482535
621,-0.9918151368073894,0.12768216163481624
622,-0.9839847238376576,0.17825280714235311
623,0.10252481864339437,0.9947304466849998
624,0.05660920110709014,0.9983964134300649
625,-0.9920371172987938,0.12594585305399744
626,0.11436094194639555,0.9934392658623542
627,0.11436094194638545,0.9934392658623553
628,0.11436094194638698,0.9934392658623551
629,0.12537938370729362,0.9921088701050805
630,-0.9941127620535429,0.10835043295841555
631,0.016019631310456563,0.9998716774730031
632,0.15876081731566524,0.9873170731255799
633,0.1587608173156778,0.9873170731255779
634,0.2789613084980931,0.960302342161588
635,0.15521640156180427,0.9878804931195903
636,-0.9900697232412297,0.1405771785213911
637,-0.0017699197008092169,0.9999984336908998
638,-0.9911178288331282,0.13298665109365748
639,-0.9911178288331272,0.1329866510936654
640,0.04919127981407643,0.9987893761901222
641,-0.9135097594831372,0.40681681298719785
642,0.16185667547011964,0.9868142766527856
643,-0.9849249669658349,0.1729821073040485
644,-0.9849249669658398,0.17298210730401953
645,0.17075006364227702,0.9853143740787295
646,-0.9907400346844116,0.13577254388693857
647,-0.9907400346844122,0.13577254388693538
648,-0.9907400346844121,0.1357725438869353
649,0.041296467372365774,0.9991469370330688
650,-0.9951649449576816,0.09821778009797676
651,-0.9951649449576812,0.09821778009798167
652,0.06930604853655808,0.9975954448754507
653,0.06930604853656275,0.9975954448754504
654,0.97163140161666,0.23650035812329093
655,-0.9966056681216264,0.08232340048762908
656,-0.9629206151134405,0.2697848939239432
657,-0.9629206151134386,0.2697848939239502
658,0.12264054447209946,0.9924511559021868
659,0.12264054447210691,0.9924511559021861
660,-0.900321042930822,0.4352264004583786
661,-0.900321042930821,0.4352264004583807
662,-0.9936646429927487,0.11238584103922315
663,0.03178778619235196,0.9994946406304486
664,0.0317877861923572,0.9994946406304483
665,0.19158624803879867,0.9814757814446651
666,-0.9956869162205639,0.09277696301983475
667,-0.9969919966053381,0.0775045721548188
668,-0.9988588009638668,0.04776081801043796
669,-0.9976564779908486,0.06842186728594513
670,0.05515300548355603,0.9984779146211151
671,0.05515300548355601,0.9984779146211151
672,0.14744701127077095,0.9890699565082933
673,-0.9954532664519506,0.09525121684336513
674,-0.9954532664519508,0.09525121684336377
675,-0.9987690256559224,0.049602755874240095
676,0.13505169452738858,0.9908385538549058
677,-0.9937611363148077,0.11152938603929634
678,-0.99473879356455,0.10244380204650495
679,-0.9947387935645496,0.10244380204650902
680,0.08099330158576422,0.99671464577292
681,-0.9911971288869665,0.13239430382850342
682,0.045954972290874446,0.9989435121776131
683,0.11265143182630724,0.9936345680920541
684,0.11265143182632752,0.9936345680920519
685,-0.9913615540542844,0.13115742122760074
686,-0.991361554054284,0.13115742122760313
687,-0.9913615540542839,0.13115742122760282
688,-0.991361554054284,0.13115742122760177
689,-0.9955605284359198,0.09412350514293646
690,-0.9955605284359181,0.094123505142953
691,0.11262507685977356,0.9936375556823173
692,0.1126250768597707,0.9936375556823176
693,0.1126250768597743,0.9936375556823172
694,0.1126250768597672,0.9936375556823179
695,0.9446249281346694,0.3281520153017058
696,-0.9939961801539057,0.10941477888952736
697,-0.9939961801539061,0.10941477888952385
698,-0.03727290968419288,0.9993051236752836
699,-0.9901983696231454,0.13966813808333142
700,-0.9901983696231456,0.13966813808333048
701,0.03548714491799296,0.999370132906507
702,0.03548714491799353,0.9993701329065069
703,0.001996804918654952,0.9999980063830711
704,-0.9968396280847327,0.07944026611166338
705,-0.9968396280847344,0.0794402661116418
706,0.09208445903557048,0.9957512000515623
707,0.09208445903558031,0.9957512000515614
708,0.09094570024235775,0.9958558528258129
709,-0.9937239496258523,0.11186023395289628
710,0.10606833580481996,0.9943588427421943
711,0.10606833580482346,0.994358842742194
712,0.11731015694296185,0.993095326279415
713,0.11731015694295821,0.9930953262794154
714,-0.9890211280277083,0.147774180135772
715,-0.9890211280277076,0.14777418013577545
716,-0.9890211280277075,0.14777418013577695
717,0.0645686253563124,0.9979132690868461
718,-0.9940622942920898,0.10881247661342268
719,-0.9889466998423471,0.14827145669659625
720,-0.9963716931911643,0.08510845438246702
721,-0.9963716931911639,0.0851084543824699
722,-0.0209315770724197,0.9997809105405351
723,0.06316090357630531,0.9980033568377537
724,0.009995118561632666,0.999950047554846
725,0.009995118561634004,0.9999500475548461
726,-0.9942226071671257,0.10733781904717056
727,-0.994222607167126,0.10733781904716876
728,-0.9942226071671255,0.10733781904717338
729,-0.9942226071671258,0.10733781904716946
730,0.10618652317819184,0.9943462285820405
731,0.09006506612427799,0.9959358834101869
732,0.09006506612428285,0.9959358834101866
733,0.069302828216817,0.9975956685958247
734,0.946632638052803,0.32231451809248496
735,0.9466326380528061,0.32231451809247585
736,-0.9948617499531351,0.10124277001438517
737,-0.9999660959774983,0.008234494248004544
738,0.01866109618007694,0.9998258665834556
739,0.9192213385404463,0.39374119770721244
740,0.9192213385404412,0.3937411977072245
741,0.20197013005542835,0.9793916818951411
742,-0.9978188822947485,0.06601119705064445
743,0.7125859101407535,0.7015848634832953
744,-0.994933641704424,0.1005338182144334
745,-0.9907707077828755,0.13554853226582725
746,0.05693594381128335,0.9983778334389835
747,-0.21846563862991844,0.9758446417017526
748,0.10182229902294468,0.994802603244323
749,-0.9964784429904845,0.08384934499004659
750,-0.9941853226609075,0.10768260864980533
751,-0.9941853226609079,0.10768260864980206
752,-0.9941853226609089,0.10768260864979304
753,0.10564538072003983,0.9944038684219394
754,0.10564538072004101,0.9944038684219394
755,0.10564538072003772,0.9944038684219397
756,-0.9960422541823307,0.08888097593625706
757,-0.99604225418233,0.08888097593626498
758,0.5776975765765903,0.8162508866871354
759,-0.9885520812641357,0.1508800272678448
760,-0.9995278535094442,0.030725723080228987
761,-0.9982886766091766,0.05847835628588238
762,-0.9982886766091771,0.05847835628587405
763,0.06901012334354999,0.9976159596137725
764,0.1385021979866478,0.9903621262714298
765,-0.8852777476060908,0.4650626942612004
766,-0.8938965616641227,0.44827328388501975
767,0.9866440233215021,0.16289128658083252
768,0.08576423570386452,0.9963154600196326
769,0.08576423570386567,0.9963154600196324
770,0.9957058410963783,0.09257363559110177
771,0.08038921234103057,0.9967635499651805
772,0.2027940941476465,0.9792214026351933
773,0.0383410501832309,0.9992647116109159
774,0.0383410501832322,0.999264711610916
775,-0.9992884615196826,0.037716981236915664
776,-0.9702949549942652,0.24192498902072268
777,0.08874416476902491,0.9960544529389185
778,-0.9874587249930774,0.15787737784447117
779,-0.9874587249930772,0.1578773778444725
780,0.1268053109228943,0.99192762494133
781,0.12680531092290054,0.9919276249413292
782,-0.993171775730131,0.11666114988743387
783,-0.9930862500048769,0.11738696712689634
784,-0.7448908813799406,0.667186311937689
785,-0.9924120109398197,0.12295690522448587
786,-0.9961094145927646,0.08812510516112877
787,-0.4270425969687284,0.9042315081737664
788,-0.998512709764013,0.05451943176270131
789,0.6078780165008913,0.7940304257740645
790,0.08373448393433754,0.9964881013841811
791,0.08373448393433909,0.9964881013841811
792,0.08373448393433802,0.9964881013841812
793,0.01433781019951994,0.9998972083162762
794,-0.9866437181492501,0.1628931350199362
795,-0.9928953656252433,0.11899072619290296
796,-0.9928953656252445,0.11899072619289397
797,0.06012931203230859,0.998190595945745
798,0.060129312032306745,0.998190595945745
799,0.062195122624504384,0.9980640093309261
800,0.004278105051673792,0.9999908488667119
801,-0.8178009170937102,0.5755012250210128
802,-0.8178009170937105,0.5755012250210125
803,-0.9968691709115974,0.0790686795515416
804,-0.9968691709115969,0.07906867955154855
805,-0.9968691709115967,0.07906867955155153
806,0.07500867834300352,0.9971828810069074
807,0.07500867834300369,0.9971828810069072
808,0.14013420958151596,0.9901325180524896
809,-0.9983139608897025,0.058045116010855
810,-0.9990059182625037,0.044577744183524066
811,-0.999005918262503,0.04457774418353977
812,-0.9990059182625033,0.04457774418353611
813,-0.8791302283319146,0.4765816211658563
814,-0.625423684392001,0.7802853420393945
815,-0.9934817773959339,0.11399104342980725
816,0.1080119359971444,0.994149597234817
817,0.10801193599714722,0.9941495972348166
818,0.13177790462237438,0.991279266328786
819,0.13177790462237413,0.991279266328786
820,0.0701702159459839,0.9975350323643245
821,0.0701702159459842,0.9975350323643245
822,0.07017021594598408,0.9975350323643245
823,0.08042612385097266,0.9967605723554217
824,-0.9929425004360808,0.11859675723957958
825,-0.9942834937294223,0.10677234706240175
826,0.18499098307609985,0.9827402180538549
827,-0.9942197152270955,0.10736460242441691
828,-0.9956415113475287,0.09326296629214068
829,-0.9956415113475271,0.09326296629215647
830,-0.0030839614427562653,0.9999952445796029
831,0.9489100690688173,0.31554663810570466
832,0.12675087931745393,0.9919345818108432
833,0.07621928255255898,0.9970910795745659
834,0.15839617494340033,0.9873756386316708
835,0.179324166594082,0.9837900402399579
836,-0.9830128783033154,0.18353659332632066
837,-0.9830128783033129,0.18353659332633462
838,-0.9830128783033147,0.1835365933263239
839,-0.12480181256439121,0.9921816908110342
840,0.07945375719215528,0.9968385528600154
841,0.9543630217873503,0.2986489957205908
842,0.9543630217873483,0.29864899572059733
843,-0.011900512597540481,0.9999291863926745
844,-0.011900512597543232,0.9999291863926744
845,-0.011900512597539542,0.9999291863926744
846,-0.6116216260410122,0.7911504196794362
847,0.1321560606655171,0.991228921909249
848,-0.9932784626899257,0.11574927885882365
849,-0.9806051397597638,0.19599377509690025
850,0.9596882205932518,0.28106675231083106
851,0.9596882205932548,0.28106675231082123
852,-0.9912446514121909,0.13203802878990667
853,-0.9981685067136863,0.060494894040485185
854,-0.8350667795439644,0.5501485923839775
855,0.11810623185064556,0.9930009657588665
856,-0.8059284372401184,0.5920129678036626
857,-0.6999493769759509,0.714192459825066
858,0.18039225650611035,0.9835947507955874
859,0.086512423480951,0.9962507719361889
860,-0.9963082631398676,0.08584780020023916
861,0.09550198402928187,0.9954292395979087
862,0.044104600531220374,0.9990269186623458
863,0.06333638996951015,0.9979922352932562
864,-0.9932380093580409,0.11609589470121914
865,0.10125257348491955,0.9948607522476103
866,0.8485428908713272,0.5291266033301775
867,0.8485428908713318,0.5291266033301699
868,0.9999049468967239,0.013787573080839877
869,0.09591586187573958,0.99538944511213
870,0.774603196803642,0.6324475373511848
871,0.9505659234854398,0.31052282542233983
872,0.9097394617721251,0.4151796137752484
873,0.9097394617721253,0.41517961377524765
874,-0.6816935787176966,0.7316377961362163
875,-0.9887568486282883,0.14953225167386575
876,-0.9939319422259536,0.10999679187568796
877,-0.9939319422259539,0.10999679187568644
878,-0.9963127856667376,0.0857952977556783
879,0.1045266903200739,0.9945220817109751
880,0.10464639615147767,0.9945094930529863
881,-0.9926804707421184,0.1207703730523605
882,-0.9926804707421192,0.12077037305235312
883,-0.9822727063327973,0.18745754290943364
884,-0.9995068394418766,0.03140187747429542
885,0.18209526874382054,0.9832808922688958
886,0.04248350525391223,0.9990971683381656
887,-0.9941272422955367,0.10821749454626572
888,-0.9941272422955372,0.10821749454626162
889,0.740961545225381,0.6715474581123926
890,0.07294657740542332,0.9973358495736703
891,0.14575776548078473,0.9893203090011083
892,-0.99138710647512,0.13096413675082597
893,-0.9913871064751187,0.13096413675083562
894,-0.7505896411687422,0.6607686361883248
895,0.9961065016038676,0.08815802551387038
896,-0.9641690097243795,0.26528874964293075
897,0.9754174518256461,0.2203651394253714
898,0.975417451825649,0.2203651394253583
899,-0.9948358321243681,0.10149712863631209
900,-0.9948358321243677,0.10149712863631605
901,-0.9948358321243682,0.10149712863631061
902,-0.9928516406544994,0.11935501518440152
903,-0.9928516406544994,0.11935501518440275
904,-0.9961949559093689,0.08715279582853748
905,-0.9961949559093701,0.08715279582852169
906,0.11925321715000445,0.9928638729450144
907,0.11925321715001092,0.9928638729450138
908,-0.990221278682018,0.13950562442191827
909,0.106999828275402,0.99425903905825
910,0.12176685288634882,0.9925587305233652
911,-0.995052140219337,0.09935410532492905
912,-0.9953243020905916,0.09658951116905348
913,-0.9299949429663857,0.3675723140511931
914,-0.9874719936947303,0.15779436513562373
915,-0.8910373834948434,0.45392992985114256
916,-0.8910373834948461,0.45392992985113767
917,-0.8910373834948468,0.4539299298511359
918,0.04243903662382116,0.999099058237191
919,-0.8943063646966616,0.44745516653966744
920,0.0896939107092583,0.9959693782349333
921,0.08969391070926487,0.9959693782349327
922,0.7206163934337845,0.693333984104692
923,0.08708800600530119,0.9962006219682964
924,0.08708800600529071,0.9962006219682973
925,0.621523576656068,0.7833954580291163
926,0.11977013817745968,0.9928016488709879
927,0.10433101024814943,0.9945426286995448
928,0.10433101024814741,0.9945426286995449
929,-0.979646989898697,0.20072811258621004
930,0.11038095823190015,0.9938893520205394
931,0.09549651540447303,0.9954297642453752
932,0.09549651540445807,0.9954297642453768
933,-0.9057575032505557,0.4237963488579386
934,-0.9057575032505579,0.4237963488579336
935,-0.9984547759635843,0.05557031901571737
936,-0.9984547759635846,0.05557031901571392
937,0.14050374011286668,0.9900801477730456
938,-0.9947135682952848,0.10268844652277977
939,-0.9961432693032887,0.08774159231377016
940,-0.9961432693032883,0.08774159231377282
941,0.3016480905203925,0.9534193355944703
942,-0.8212522618335066,0.5705652657087964
943,-0.993083037545582,0.11741414113828103
944,0.13400171320322432,0.9909811001520669
945,0.0652054977785708,0.9978718570334815
946,0.09968995277835373,0.995018549231646
947,0.09968995277835267,0.9950185492316461
948,-0.9961390039272733,0.08779000429878038
949,-0.996139003927273,0.08779000429878424
950,-0.9961390039272736,0.08779000429877593
951,0.09243190223745884,0.9957190082793262
952,-0.5828897640919922,0.8125512432559447
953,-0.08004836828658966,0.9967909804641365
954,-0.08004836828658293,0.996790980464137
955,0.11971305616445979,0.992808533496648
956,0.11971305616447436,0.9928085334966463
957,0.11971305616446444,0.9928085334966474
958,-0.9903488884981216,0.13859682193519146
959,-0.9903488884981217,0.13859682193519096
960,-0.7108793390710277,0.7033139876910871
961,-0.17622378529752533,0.9843501295247599
962,-0.17622378529753044,0.9843501295247591
963,-0.9920511190507529,0.12583551640991048
964,-0.9942080637671025,0.1074724427026258
965,-0.9942080637671022,0.10747244270262757
966,-0.9942080637671021,0.10747244270262762
967,-0.9942080637671025,0.1074724427026258
968,-0.9942080637671021,0.10747244270262941
969,-0.9942080637671025,0.1074724427026258
970,-0.9942080637671022,0.1074724427026276
971,-0.9942080637671022,0.1074724427026276
972,-0.9942080637671022,0.1074724427026276
973,-0.9942080637671029,0.10747244270262164
974,-0.16576718477204358,0.9861649154440403
975,0.06498991555278995,0.9978859207727311
976,-0.984914050028559,0.1730442546181214
977,-0.60653839703706,0.7950541949576229
978,-0.9973708669430268,0.0724662250521907
979,-0.9973708669430268,0.07246622505219333
980,-0.9973708669430262,0.0724662250522008
981,0.009616390482634376,0.9999537614480408
982,-0.9940885689631594,0.10857217441305027
983,-0.9945483887251945,0.1042760877867952
984,0.06363198588586948,0.997973431696566
985,0.06363198588585989,0.9979734316965666
986,-0.9934767407764453,0.11403493121062386
987,-0.9934767407764453,0.11403493121062325
988,-0.9980067794685235,0.06310679943450034
989,-0.999602228233615,0.028202576307704993
990,0.3083829674557111,0.9512622905293839
991,-0.9922976696376486,0.12387628841587031
992,-0.5887768177672797,0.8082956506500794
993,-0.9931663352105906,0.11670745736397937
994,0.13187390130482374,0.9912665000667811
995,0.1341469238065227,0.9909614537575349
996,0.108545743520879,0.9940914553317012
997,0.10854574352088275,0.9940914553317007
998,0.21110919849837287,0.9774624833257667
999,0.9774518451681204,0.21115844851067853
1000,-0.9930943768376405,0.11731819421325286
1001,-0.9930943768376402,0.11731819421325515
1002,-0.9991491960304414,0.041241775807092144
1003,0.06192248349162333,0.9980809616650493
1004,0.06192248349161978,0.9980809616650497
1005,0.05662631603724852,0.9983954428642238
1006,0.9568529304968739,0.2905726576943269
1007,-0.9940243042097239,0.10915897874373028
1008,-0.9962707827818511,0.08628167462003451
1009,-0.9962707827818519,0.08628167462002602
1010,-0.994110921014042,0.10836732312193163
1011,-0.9941109210140423,0.10836732312192976
1012,-0.9952603558988499,0.09724620288779641
1013,-0.9952603558988494,0.09724620288780157
1014,-0.9952603558988501,0.09724620288779644
1015,-0.9958459798965779,0.09105374415050052
1016,-0.9958459798965779,0.09105374415050083
1017,-0.9878109004717109,0.15565868080279852
1018,0.9990459403326607,0.04367160524677244
1019,0.09848200878646277,0.9951388314930651
1020,-0.9955712226857845,0.0940103215606248
1021,-0.9900751874748447,0.14053868914519976
1022,-0.9900751874748441,0.14053868914520432
1023,-0.9900751874748446,0.14053868914520032
1024,-0.9900751874748445,0.14053868914520096
1025,-0.990075187474844,0.1405386891452045
1026,0.9677993349462803,0.25172295739073447
1027,0.9677993349462788,0.2517229573907406
1028,0.14402957073180778,0.9895733842190841
1029,-0.7973648734419302,0.6034975216195463
1030,0.14285568216069058,0.9897435294430592
1031,0.06782669595364803,0.9976971180253109
1032,0.06782669595363938,0.9976971180253116
1033,-0.9039768567136297,0.4275813870202323
1034,-0.9969148757973622,0.07849032051106733
1035,-0.9985661135862542,0.0535323901693545
1036,-0.9985661135862546,0.053532390169348076
1037,-0.9994358929016534,0.033584162634711145
1038,-0.9994358929016532,0.033584162634714705
1039,-0.03500808544622545,0.999387029110039
1040,-0.03500808544622832,0.9993870291100387
1041,-0.9938854321479927,0.11041624773554708
1042,-0.99414227300358,0.10807932747419971
1043,0.0702871496108099,0.9975267999405267
1044,0.07028714961080802,0.997526799940527
1045,-0.9122208725911567,0.4096987669117745
1046,-0.1349347650398598,0.990854484363692
1047,0.9674290544819899,0.25314230097730206
1048,-0.9964950704788531,0.08365150633040444
1049,-0.9964950704788534,0.08365150633040033
1050,-0.9964950704788528,0.08365150633040627
1051,0.11557117678078291,0.9932992011964497
1052,0.04437711348722142,0.9990148506396401
1053,0.09069713315862231,0.9958785217268253
1054,0.12152251796944899,0.9925886749436369
1055,0.7527546233177358,0.6583012054324174
1056,0.9997562447258451,0.022078295488467924
1057,-0.9926443792750894,0.12106666053696394
1058,-0.9757064097048141,0.21908218106669822
1059,0.06518103335261637,0.9978734553494671
1060,0.005146521319289694,0.9999867565714609
1061,-0.9950845738863818,0.09902873731073156
1062,0.12715589305663666,0.9918827445121571
1063,-0.9943588230977857,0.10606851996509968
1064,-0.994358823097786,0.10606851996509553
1065,-0.9963154256009454,0.08576463554173724
1066,-0.9963154256009468,0.08576463554172133
1067,0.9999997968301664,0.0006374477435605036
1068,-0.9914676582279636,0.1303529159165925
1069,-0.967786613309588,0.2517718631991234
1070,0.7279307384197278,0.6856506691192753
1071,0.7279307384197244,0.6856506691192787
1072,-0.9746198213525147,0.22386648660930134
1073,0.10964284302148529,0.9939710493641984
1074,0.09898341679794387,0.9950890830468418
1075,0.9942694436589656,0.10690310288336351
1076,-0.9932195871576851,0.11625339430019999
1077,-0.9959052529542284,0.09040313677176348
1078,-0.9959052529542296,0.09040313677175076
1079,-0.9959052529542303,0.09040313677174398
1080,-0.9965663828110091,0.08279761259228026
1081,-0.9965663828110083,0.08279761259228935
1082,0.9987524128437721,0.04993613760337556
1083,-0.9921439700272797,0.12510132988305278
1084,-0.9921439700272768,0.125101329883075
1085,0.009854378398455967,0.9999514444343686
1086,0.9475350118296991,0.31965200039557395
1087,0.11139493660694903,0.9937762163074411
1088,0.08237356081119314,0.9966015234181035
1089,-0.990321133948901,0.1387949986640835
1090,-0.9903211339488996,0.13879499866409298
1091,-0.9903211339489006,0.13879499866408584
1092,-0.9903211339489004,0.1387949986640873
1093,-0.9957041378785662,0.09259195327619762
1094,-0.9957041378785649,0.09259195327620927
1095,-0.9957041378785654,0.09259195327620444
1096,-0.995704137878565,0.09259195327620806
1097,0.06391673813886942,0.997955234760401
1098,-0.9938065361653119,0.1111241138327079
1099,-0.9933480771033978,0.11515032659520423
1100,-0.9986179554708366,0.05255643643975602
1101,-0.9964923528858484,0.0836838732374749
1102,-0.9964923528858488,0.08368387323747066
1103,-0.9930427355036306,0.11775451355878556
1104,0.8147174896935226,0.5798580964231549
1105,0.1326931364899932,0.9911571679246679
1106,-0.996137018995332,0.08781252409020919
1107,-0.9997549688230781,0.022135995879247944
1108,-0.999754968823078,0.022135995879254647
1109,0.9998767185546035,0.01570183723257956
1110,-0.9922675252183157,0.12411751849404269
1111,-0.9922675252183155,0.1241175184940447
1112,-0.9922675252183155,0.1241175184940447
1113,-0.9922675252183153,0.12411751849404774
1114,0.09422234549675808,0.9955511787995077
1115,0.09422234549676824,0.9955511787995068
1116,-0.9954410812821992,0.09537847606103772
1117,0.011182791463594917,0.99993747063258
1118,0.011182791463596376,0.99993747063258
1119,-0.9945456174308777,0.1043025160244688
1120,-0.9945456174308778,0.10430251602446701
1121,-0.9945456174308773,0.10430251602447062
1122,-0.9945456174308778,0.10430251602446688
1123,-0.9937176885776785,0.11191584073685051
1124,-0.9937176885776787,0.11191584073684938
1125,0.03321954639884109,0.9994480785598896
1126,-0.9992043438656864,0.03988331982098693
1127,-0.9992043438656858,0.03988331982100123
1128,0.12878114662369142,0.9916730389973739
1129,0.07040315257155957,0.9975186194292244
1130,0.618670990899624,0.7856501797996852
1131,0.08999170550874251,0.9959425148770524
1132,0.2788071498630841,0.9603471107809007
1133,0.11986874191267956,0.9927897484927367
1134,0.24268878388557696,0.9701041975871146
1135,0.9995272266904773,0.030746107142909433
1136,0.9995272266904774,0.030746107142905522
1137,0.020611943039428787,0.9997875513348521
1138,0.654725587353619,0.755866658389202
1139,-0.9990375847055605,0.04386233401997544
1140,-0.9990375847055605,0.04386233401997808
1141,-0.9950015231936642,0.09985974585531515
1142,-0.9950015231936636,0.09985974585532059
1143,-0.9950015231936633,0.09985974585532348
1144,-0.9946103936927851,0.10368300129858793
1145,0.09405640759681506,0.9955668697731869
1146,-0.9042566660233007,0.4269893229958154
1147,-0.9042566660232985,0.42698932299582015
1148,-0.026127490412122433,0.9996586188518382
1149,-0.9952316148643437,0.09753990349857034
1150,-0.9952316148643437,0.0975399034985714
1151,-0.9944975450063673,0.10475988247563241
1152,0.10424850819223958,0.9945512799949997
1153,-0.9930161371226358,0.11797860574713868
1154,-0.9930161371226358,0.11797860574713744
1155,-0.9930161371226367,0.11797860574713023
1156,-0.9930161371226358,0.11797860574713744
1157,-0.9930161371226363,0.11797860574713377
1158,-0.9930161371226364,0.11797860574713381
1159,-0.9930161371226361,0.11797860574713484
1160,0.14643672181430772,0.9892200394777084
1161,0.14643672181431,0.9892200394777081
1162,0.9990058803004707,0.04457859492044942
1163,-0.9959275847280917,0.09015678553314516
1164,-0.9959275847280918,0.0901567855331444
1165,0.9558110481015076,0.2939817006670615
1166,0.955811048101504,0.29398170066707313
1167,-0.991041693979507,0.13355283895982567
1168,-0.9960113294635906,0.08922685459081595
1169,-0.9960113294635908,0.08922685459081357
1170,-0.9960113294635905,0.0892268545908172
1171,-0.996011329463591,0.08922685459081228
1172,-0.9999688059649232,0.007898550315467708
1173,0.11913033174473237,0.9928786250385241
1174,0.11913033174472398,0.992878625038525
1175,0.15436305868101102,0.9880141932759077
1176,-0.9943036071682193,0.10658488059883262
1177,-0.1140928201048801,0.9934700943664664
1178,-0.9914371401273653,0.13058482751097447
1179,0.09424789007879528,0.9955487608428304
1180,0.09424789007878963,0.995548760842831
1181,-0.9887356122666756,0.14967260616305825
1182,-0.9897255555628881,0.14298015479685428
1183,-0.9897255555628882,0.1429801547968532
1184,-0.9897255555628881,0.1429801547968545
1185,0.07598722869958675,0.997108790992516
1186,-0.993867652965002,0.11057616555948344
1187,-0.9938676529650023,0.11057616555948
1188,-0.9967324876534392,0.08077343657531544
1189,-0.9967324876534398,0.08077343657530946
1190,-0.9967324876534395,0.08077343657531309
1191,-0.9967324876534399,0.08077343657530725
1192,-0.9398177465624576,0.34167616722016786
1193,-0.9398177465624551,0.3416761672201749
1194,-0.9953470113841871,0.09635521225427657
1195,0.1643189077412946,0.9864072670853089
1196,0.16431890774128832,0.9864072670853099
1197,0.9914917890365543,0.130169244728134
1198,-0.9998627567044981,0.016567068397323713
1199,-0.9953066076380239,0.09677167350050678
1200,0.10333548682990086,0.994646558915089
1201,0.10333548682990105,0.9946465589150889
1202,-0.996587621351196,0.0825415832751279
1203,-0.9965876213511962,0.08254158327512827
1204,-0.9975046735541884,0.07060046910291712
1205,0.9941919421043445,0.10762147673578835
1206,0.01589059787626908,0.9998737364783289
1207,0.0158905978762648,0.999873736478329
1208,-0.9859151846087942,0.16724607247348788
1209,-0.9859151846087931,0.16724607247349502
1210,-0.9993089810447343,0.037169347631279485
1211,-0.9993089810447348,0.03716934763126809
1212,-0.9983256255236881,0.05784414769651922
1213,-0.9983256255236892,0.05784414769650268
1214,0.07856131295390788,0.9969092837901341
1215,0.0785613129539067,0.9969092837901342
1216,-0.8859271378891891,0.46382443483657665
1217,0.1448534442491134,0.9894531215217671
1218,0.14485344424910251,0.989453121521769
1219,0.86747147409775,0.4974869260861803
1220,0.10231495414770532,0.9947520546134865
1221,0.13166880641961132,0.9912937634304148
1222,0.98923726215024,0.14632033069091002
1223,0.07926256293957336,0.9968537736881224
1224,0.07926256293957123,0.9968537736881224
1225,-0.9899046553017925,0.14173487013378055
1226,0.8646794663423913,0.5023240194195748
1227,-0.06710018713438973,0.9977462427323542
1228,-0.9981547096285872,0.06072211826238333
1229,-0.9981547096285871,0.06072211826238521
1230,0.6230350879950465,0.7821938884490242
1231,-0.9959264346039749,0.09016948961269819
1232,-0.9998805877102276,0.015453488934537015
1233,0.10962513828917088,0.9939730021761557
1234,0.10962513828916427,0.9939730021761565
1235,0.8814062140419311,0.4723590645348827
1236,-0.9987209272456135,0.05056193708375969
1237,-0.9987209272456139,0.05056193708375299
1238,0.46346515303367997,0.8861151459734042
1239,-0.9979869629550145,0.0634194116326081
1240,0.27318002916540585,0.9619629263465345
1241,0.13750748545901592,0.9905007276336241
1242,0.13750748545898797,0.9905007276336278
1243,0.7233768065904673,0.690453471051437
1244,-0.9991515994935314,0.04118350676566669
1245,-0.9991515994935309,0.041183506765676295
1246,-0.9909724107943411,0.13406595781350159
1247,-0.997576076158157,0.06958428182351717
1248,-0.9975760761581574,0.06958428182351487
1249,-0.05134792244395929,0.9986808253194256
1250,-0.8648900492590627,0.5019613557761753
1251,0.9697651558167585,0.24404004295135273
1252,-0.9866629075103277,0.16277686243218562
1253,-0.9983962134068192,0.056612728735905025
1254,-0.9983962134068189,0.05661272873591003
1255,-0.9941556860869202,0.10795587904808578
1256,-0.9941556860869188,0.10795587904809842
1257,0.13032831765100739,0.9914708919672115
1258,0.10119112454781919,0.9948670043341209
1259,0.10119112454781892,0.9948670043341209
1260,0.10119112454782442,0.9948670043341203
1261,-0.9966632667591103,0.08162311371822684
1262,-0.9966632667591105,0.08162311371822496
1263,-0.8769373925843674,0.4806046290739727
1264,-0.9993787522379549,0.035243574950739286
1265,0.08104410639654139,0.9967105160568869
1266,0.08104410639653233,0.9967105160568878
1267,-0.9081364371670578,0.41867435016910504
1268,0.055715879232484916,0.9984466639742711
1269,0.05571587923248499,0.9984466639742712
1270,-1.0,0.0
1271,1.0,0.0
1272,0.07623660889838413,0.9970897549687665
1273,-0.9952528982080345,0.09732249795657535
1274,0.04795188019050947,0.9988496469370127
1275,-0.9921044257242266,0.12541454643861155
1276,0.11347451843365215,0.9935409068912315
1277,0.11347451843364897,0.993540906891232
1278,-0.8677224804438356,0.4970489884633074
1279,-0.35804076397508283,0.9337059554978425
1280,-0.9935856252548841,0.11308229431197839
1281,0.07450002791845767,0.9972210115316208
1282,0.12713990485116736,0.9918847940131132
1283,0.9770041339169873,0.21322036091592594
1284,-0.9995454835573375,0.030146746095194726
1285,-0.9995454835573377,0.030146746095193366
1286,0.08109089239127924,0.996706710708414
1287,-0.8974882771385385,0.4410383117132771
1288,-0.9961319308413583,0.08787022452610159
1289,-0.9961319308413578,0.08787022452610702
1290,-0.40139509478564656,0.9159050048351203
1291,-0.8861135555260411,0.4634681938526069
1292,0.12214024949615654,0.9925128510266337
1293,-0.9920414709687994,0.1259115557765079
1294,-0.9772585632320467,0.21205117445945815
1295,0.5706992789355939,0.821159139888483
1296,-0.9028634354714629,0.4299274553790064
1297,-0.9927722364463438,0.12001369314092744
1298,-0.9927722364463449,0.12001369314091943
1299,-0.2657527723797281,0.9640412148723148
1300,-0.9979043782738564,0.06470588707272401
1301,-0.987501810737868,0.15760765777535038
1302,-0.9875018107378697,0.15760765777533892
1303,-0.9934227456974226,0.11450435944100133
1304,-1.0,0.0
1305,1.0,0.0
1306,-0.8521985860986319,0.5232184723913067
1307,-0.7614023917155122,0.6482795676942917
1308,0.0841349140811543,0.9964543723786639
1309,0.9939482747219317,0.10984911095359615
1310,-0.9939791381890316,0.10956948865897884
1311,-0.9999460579496817,0.01038658706659072
1312,-0.9983407778523925,0.057582039535604444
1313,-0.9961519279276969,0.08764323411383457
